{"0": 0.32592751678054843, "1": 0.32592751678054843, "2": 0.6846203176597675, "3": 0.3010299956639812}